parsed.validity.start,parsed.validity.end,parsed.fingerprint_sha257

2023-01-07T14:44:35Z,2023-04-07T14:44:34Z,a325bfe236cc8e29da5791e0218eae09997542e05f9c5000bd15d4812d32350e

2022-12-10T23:40:20Z,2023-03-10T23:40:19Z,bcba014f49dccb8bebaad686d35d903e7d09b8295e1f2916491652f6d9f02112

2023-01-07T09:54:42Z,2023-04-07T09:54:41Z,00740b9024548f43b05473ef1dbefb9124dc04f6a403c33f5652ae2b5a7d722c

2023-01-06T11:29:27Z,2023-04-06T11:29:26Z,7f427011eaca85e8d8d46f431182ed228fd651a35695cad604f3420317166a26

2023-02-07T08:13:53Z,2023-05-08T08:13:52Z,38c5db9cd23e51972253b9be67d5bdde547f224a2450cf04889acde4e33cfa12

2022-04-15T00:00:00Z,2023-04-15T23:59:59Z,b8148af4858b4d1dc1c8097888d348bb36bdea5916bb8e9f34738f017cb983dc

2022-11-30T23:04:43Z,2023-02-28T23:04:42Z,05e5d8dded5d0193b4b241a69679c767fa7f3837793946d26cb47d1a7ff2f527

2022-06-01T00:00:00Z,2023-06-30T23:59:59Z,9a6f61da57c6917a3f0cdf2d551c4794c63dd86618f430c4e3249680d1068fd7

2022-12-10T23:40:20Z,2023-03-10T23:40:19Z,acbddad13de0b4867908c46fb07e8d36dbde00bf3349a0a1de72c4bf0a783daf

2023-02-08T23:40:33Z,2023-05-09T23:40:32Z,e330e2c9461e9b9ffcf277d72aa2f4162e8960fcee33312e685b2f5faecb5b45

2022-04-15T00:00:00Z,2023-04-15T23:59:59Z,3eb6c09410327b865ce8a66ef06112bf1033db354385f85a06a5216f3f54a9be

2022-04-14T00:00:00Z,2023-04-14T23:59:59Z,dca52581c08cdc6747754ab1af78fd2fb544af4a5bc21ede9db82bff7b27abb7

2022-12-09T00:00:00Z,2023-06-16T23:59:59Z,00217338855828ce98d44145311e9d0162850e09dcd74727f586a996f60c1fb0

2022-12-09T09:35:49Z,2023-03-09T09:35:48Z,6835223e00dc27eea5550bafa44dcb39c0ba3a3b7512be223a021e136ccf7c83

2022-12-23T02:54:21Z,2023-03-23T02:54:20Z,a4be032dbdbe16e4c4dd9deb34747726e0f2187d04f5eb65c13242eaeec7350e

2022-12-07T12:48:29Z,2023-03-07T12:48:28Z,b0808624c1fb9ba27a09b70faaf08c42290f94cdf1732623e024d94bfb18f2b5

2022-12-09T00:00:00Z,2023-06-16T23:59:59Z,df54e16f3e5a9adffcf0e0ee214a1a1311779b190d2afb6421f48250909973a2

2022-12-17T15:52:12Z,2023-03-17T15:52:11Z,5ecd6f38656afd47f4903067cf8f79881301769d87dd810a336c1afd288be756

2023-02-05T01:41:48Z,2023-05-06T01:41:47Z,d4bde7a9b9c6809da7197019d994b8fab666d46f0b83dfd37289706d75ee1061

2022-05-18T00:00:00Z,2023-06-16T23:59:59Z,63697e81d7e51f7dddd06a49548cd8af1967d514bf0e89449d5160ae173290f2

2022-12-09T00:00:00Z,2023-06-16T23:59:59Z,ab02d90d6cab18c66174b0c8f66a9c680bd3acaa06702972367da87239694ed5

2023-01-07T06:04:20Z,2023-04-07T06:04:19Z,7a443faa6cfa6c13491f77e4657e298761a98eba75df00b5a6527024ddc4f1a6

2023-02-09T04:42:36Z,2023-05-10T04:42:35Z,ffdfb3cd44b5361244b0f6fd38d9f3bf4d65642fa9552dcb942a9add78fa97a3

2023-01-25T10:02:20Z,2023-04-25T10:02:19Z,f51d89d79031eb29544e4878471fb93097269ded5717d73482e2b948c2d073ab

2022-11-14T15:14:17Z,2023-02-12T15:14:16Z,1c501611c5ba8dec79211c6e7f4da5f597512a1fe1d78c884c96b051ea770377

2023-01-16T09:14:09Z,2023-04-16T09:14:08Z,a58139cd8e2fc777d3c6a02e45f8810c408b4236d78debf6cd01df4b4d053ae5

2022-12-08T00:35:25Z,2023-03-08T00:35:24Z,bc75dda8e22d8348c4047051f8aaa97a080b2b4390a92e629556b9bf0ea7129c

2022-12-03T21:35:06Z,2023-03-03T21:35:05Z,81ec682e0255c373095256d055010cb170246f7b1715fd8a5bf068e455755571

2022-12-08T00:35:25Z,2023-03-08T00:35:24Z,a9fc11773e4f7144bcd3bb6f6eea06691564cf4ab79b3e68b5b6db570f8ef991

2022-05-18T00:00:00Z,2023-06-16T23:59:59Z,913ebb134b31cc76a0e8dba843b032fc335b6cad73efac5aca100cc4b94e96af

2022-05-18T00:00:00Z,2023-06-16T23:59:59Z,7b04aa192330e00e311770a7fcabad9da8b7df247c5a30c872a26e89bd5cd8cf

2022-04-14T00:00:00Z,2023-04-14T23:59:59Z,c5d41cdecff4164c9623428f7a38a19fbce955bbc380d33984f508528df79964

2022-12-09T00:00:00Z,2023-06-16T23:59:59Z,edd6ccec06436e8486558fa073873f5d469e22f0b71ba140a1d1afe09c8701d6

2022-11-13T06:14:04Z,2023-02-11T06:14:03Z,b68d6cd071aa4a20a1bc5dd451dcd0ba0b83767600829db8db81169c4ad2b3ee

2022-05-18T00:00:00Z,2023-06-16T23:59:59Z,56170f6279d34df02b86077e0217004949ada987e7e04c8263643ceb07a43917

2022-12-09T00:00:00Z,2023-06-16T23:59:59Z,b2b916b25881926c54494aea3fc64a6ae41accaee512a13a5e8034ca46a9cb44

2022-11-21T12:15:08Z,2023-02-19T12:15:07Z,50938aac0205544a58474f8342db9308469dae64157daf1ca07a93bc08cc3677

2022-06-01T00:00:00Z,2023-06-30T23:59:59Z,9f7c195b36730f4ecf2b8c995841ae453ee74a74ae88b4b15547c2e161902be3

2022-11-22T21:15:28Z,2023-02-20T21:15:27Z,a7dc50496cb87a17c90dd8998d86fa035965060e9b76a6c8b38647b94e5d3caf

2022-06-01T00:00:00Z,2023-06-30T23:59:59Z,a1668ddbfe80ad72634c53b66278ec5146156dc0a7a3aa9f873e855fda17fd7c

2022-12-09T00:00:00Z,2023-06-30T23:59:59Z,e0497c2618680aa1a443b8b2a107504db355621389839a8e890c2f6d3759b979

2023-01-22T20:26:00Z,2023-04-22T20:25:59Z,2d5b82233667e9668fb465ccd7252cd20dbfe6ff9ab0edb2d7f5d219ebf2f66d

2022-11-20T03:15:00Z,2023-02-18T03:14:59Z,3222b6d44588a28544f07b79b148b77a2dd3e46563bcb0612d160e28b1207c48

2022-12-16T21:31:39Z,2023-03-16T21:31:38Z,2cf0d3914f6f264e063b33ef4f870861ebc8271ba5c59e2dd00f6c84193e23c4

2022-12-10T18:38:41Z,2023-03-10T18:38:40Z,e418882ab93334204855af6863319de17a2a15c1794f0dfb80feb9177696aef6

2023-01-15T11:11:21Z,2023-04-15T11:11:20Z,87224cd286a2200b0f25a8161cea431c181d0cf1cf38d0026f559f026e55d2d4

2023-02-06T10:42:03Z,2023-05-07T10:42:02Z,72a29bd6c129cb79f5059a9a24e14adb90dcd8fccc8f94d5cee20baafc450bb0

2022-12-17T00:00:03Z,2023-03-17T00:00:02Z,bfd4c7a6fca182dc2657884cdeefc1c48641b62511a48127b4457974dddbca3b

2023-01-23T16:16:10Z,2023-04-23T16:16:09Z,c5895fc9b518d3426593a7583eee9e164766258310324cc76467b74ea10fc86c

2022-12-13T12:51:47Z,2023-03-13T12:51:46Z,7fdd44f40cb83140c9146344025728e95cabc3ae4b4b7f223e8df75f25dba9b4

2022-06-01T00:00:00Z,2023-06-30T23:59:59Z,048a3ef80dbfb57580a3f2c64ce9df63b1e3a9faaac803811ea0e4a2886c17a9

2023-01-02T11:01:08Z,2023-04-02T11:01:07Z,5840ed0e4ccfbb2099c0a474455604383ef95222a42c4e5233a808e9d6013055

2022-12-24T11:55:16Z,2023-03-24T11:55:15Z,19ef9c8879f5fea036336d728e33622394583e39c70e67b3e522522c302ca07d

2022-12-23T11:06:39Z,2023-03-23T11:06:38Z,50b85da46b112452e78efec25d33ae35b0a3651277d5df08ff8deb1431eb4851

2022-12-27T05:56:20Z,2023-03-27T05:56:19Z,75988cddc056b7f0e04413cfd8d635c5767c4bc96e8d2e79a0a1239eec058ae4

2023-02-03T16:41:35Z,2023-05-04T16:41:34Z,7ea4eb53409be9f289ecda1ff8846ea1c32eb56f107fac12d02b25b5ad929b70

2022-06-01T00:00:00Z,2023-06-30T23:59:59Z,69b578721394da530ce0bfed25c9f3857a40112ff791ddaac5800394c31001b3

2022-11-22T21:15:28Z,2023-02-20T21:15:27Z,7a4cd85d99f923d368758157641f709c1347ce2571596c7588194ae83b1fda44

2022-04-14T00:00:00Z,2023-04-14T23:59:59Z,a09950a2245ea4440f947979a5f0796f4a45f052cb792690bcab755e7daba393

2022-12-20T09:34:50Z,2023-03-20T09:34:49Z,772f8f021eba287ae5512f24ccb7a49c880741b98b9785c908714498ba858548

2022-12-17T00:00:05Z,2023-03-17T00:00:04Z,6cf04b6b3d7e7be3bd6ed4e5b1484267730d9ab00dc60e0f6b4f1f5fbc1a13cb

2022-11-16T00:14:34Z,2023-02-14T00:14:33Z,208d4a373db48e429085c73234e05791ab78eafd67b821d8169b13ef204b4f93

2023-01-05T21:03:51Z,2023-04-05T21:03:50Z,75f69aa1892c243c4488e6fe447e78d18bc738a20d6cd0a968da0eb0c9720543

2022-12-08T02:10:47Z,2023-03-08T02:10:46Z,7d5e3b76c1fb41a1afcd714e46eaf4b05609a34b4e781710776a680d286473b7

2023-01-15T15:22:24Z,2023-04-15T15:22:23Z,ae02d7acc28488fd150dc1da5bc3f37c4501554ad8b27a17fca6ac298a51c7f5

2022-12-17T00:00:05Z,2023-03-17T00:00:04Z,19077b575fc9d42e807840dc4138158ac2df837fcaaefaa89a335799b80cd854

2023-01-06T11:29:26Z,2023-04-06T11:29:25Z,81a76bcb18398643099e9a4834f762ebcbca979056ccf2b73be93f609d389c9c

2022-12-09T00:00:00Z,2023-06-30T23:59:59Z,9096e8424e4c06598cb822d0935c6dfe1a8c0d1c2b4ecb6e0da8fb8411cbfa05

2022-11-29T18:24:03Z,2023-02-27T18:24:02Z,11199f7cbfc268a47c29e2a533dbffea296cda936aff3e9af8bc12d850c620ea

2023-01-12T17:26:31Z,2023-04-12T17:26:30Z,a42938e9301f1b70fbf3854029197c62f361761c525d51f632da82f2983eebe8

2022-06-01T00:00:00Z,2023-06-30T23:59:59Z,10be234b793664a2eae5cac2bda2772de6659134adbd40be979ca8b219da3fa7

2022-12-29T23:59:50Z,2023-03-29T23:59:49Z,8102c488ca80b41a3463e68081ab7660c39fb47c556f772238928ad7fa9087a6

2022-06-01T00:00:00Z,2023-06-30T23:59:59Z,ca2f72217246e412aa96fac3173c321da08ea697c37c2edf6b5de285e3c7ccae

2022-11-13T06:14:04Z,2023-02-11T06:14:03Z,ac18a9bbeaca8ee3b00294918b02d98551c59be700b96f533d2f0cad9513d597

2022-12-07T12:48:29Z,2023-03-07T12:48:28Z,2ac074fe20adc52a05bebed8ad028b3f35a99826bc3e81736e0f01fa60c10df1

2023-01-30T20:26:20Z,2023-04-30T20:26:19Z,2724447eb1302614cf485d82cb1759454851a56ca7ece85eef24c8a65365a43b

2022-11-17T09:14:40Z,2023-02-15T09:14:39Z,9c1c0256ee763b785581ea530ae52cb518d41f8311e7c343cd4da12b9099082a

2022-06-01T00:00:00Z,2023-06-30T23:59:59Z,e27fbda86395ce57aa9c2aa284159335c96a60571fdcec792e4f8f1469b8abf9

2022-12-09T00:00:00Z,2023-06-16T23:59:59Z,9ad3e2b771777f0b83b57306ff7f7855a29d9b206f7babfb9181c6adac082f6b

2022-12-02T12:35:00Z,2023-03-02T12:34:59Z,e44ec99046edc53f8fa0d8a11fc65b71e33380bbc918c36c83a34d0ddaa1d80c

2023-01-08T15:07:09Z,2023-04-08T15:07:08Z,8b97f161df28446f1438d3b9b20709d5ea2582ba32bf29b97e8541778c365b42

2022-05-18T00:00:00Z,2023-06-16T23:59:59Z,4e5c9ab8166aeb6fd68c410f0c27a0b662659efbd4b247b2db029285288ecbf3

2022-12-16T06:52:09Z,2023-03-16T06:52:08Z,952ff02e53446e726204f3a2dcdaaef399b4a4e1c54144c476e729f703edd181

2023-01-20T22:34:48Z,2023-04-20T22:34:47Z,aa92ca699d1635e2d15bcc29abacaf3d4b1492aada371817f5e5d89742a9819a

2022-12-13T12:51:47Z,2023-03-13T12:51:46Z,5bb09a8f4a8c46b67b5ce82d28e8e685cd35cc4bc0c64274bfc7ca59e720b12b

2022-11-17T09:14:40Z,2023-02-15T09:14:39Z,88e1235362f97d046be1a6de787da0992eaf490831941049f13ef89d0d598539

2022-12-23T11:06:39Z,2023-03-23T11:06:38Z,c4559724f2f4e95b1bf42b1efea26fecc12d92ca9637b8cc92a5629427cd44c6

2022-12-28T14:57:23Z,2023-03-28T14:57:22Z,967dc2c380d07487d1da9b27434fda6cb464f52eeb9790ab572a23be12249041

2022-12-19T00:52:17Z,2023-03-19T00:52:16Z,5a65112e99f3dbc1836815fa9bf401ef7a2b52f70e586334148079f429516a2c

2023-01-31T22:40:43Z,2023-05-01T22:40:42Z,844d079c639e70ab3f883d8f1bce15bcc2b0def42c6f13381a5f0c4563540adf

2022-06-01T00:00:00Z,2023-06-30T23:59:59Z,70ad407359e6e6884c44820377de2cce426e9fa942b30696177088fafcc80740

2022-11-28T09:16:19Z,2023-02-26T09:16:18Z,1c258af138b3b20bb09b809e6492339daea1255f1e47b153c2d271b19252d33c

2022-12-09T00:00:00Z,2023-06-30T23:59:59Z,979e8b43c910a35264a04999d9ff52d472e3ef236ad6fc55d2a55949e9e28682

2022-12-03T21:35:06Z,2023-03-03T21:35:05Z,5f08fc89587d40969d40742199efb138911354d113a44df012f001573988ef70

2022-05-18T00:00:00Z,2023-06-16T23:59:59Z,7aef92a68ac4b1f0ca7add0b038c2979913bb3c418bdbfb6041f117ed3fd7d22

2022-11-26T11:01:06Z,2023-02-24T11:01:05Z,0995b73ad9d99b44c1417034ab9d4f7abb7788082916173bd640acb3b1ec2a0f

2022-11-17T10:12:54Z,2023-02-15T10:12:53Z,a49020d03484cf514d2335569126066e753377dd5a8dd7e3fed7158a84060d96

2022-11-28T09:16:19Z,2023-02-26T09:16:18Z,ca8ce539a4ec5bb0be116b563f5eb1a6b87a2332cb13dfd6827fe004f536f691

2022-12-09T00:00:00Z,2023-06-16T23:59:59Z,59be38844c2c3b50b28f2bbaeb190e51416715aa4020add171ffd9ababe31a90

2023-01-14T02:09:59Z,2023-04-14T02:09:58Z,1cbc1e6acf6546d076ac06a5e06974e7c05edd7582297720e60ddca890cf8e02

2022-12-09T09:35:49Z,2023-03-09T09:35:48Z,eb8f6e7a43f99d014658e8b027c80dcd48b052c71369aeded6016aadeec4acfd

2022-11-26T11:01:06Z,2023-02-24T11:01:05Z,822c59d79f98bd2a79b4349fd3578511af1193f5407e3260968828fecd396ce1

2022-11-30T02:11:36Z,2023-02-28T02:11:35Z,81a59685adfb3bc5b81e5005a3b3d99d0eb1390345301ad10cd2017f6547d16e

2022-05-18T00:00:00Z,2023-06-16T23:59:59Z,ac31e9823f5195b25b19343c4f6394d2ede77b4e83d84a751d2f600fd7d24082

2022-11-27T00:16:02Z,2023-02-25T00:16:01Z,cd0b866a2e1fb1aa7a70b02c7fba6bfe72eedf697b8779f87845eb3fb1192527

2022-12-18T04:46:22Z,2023-03-18T04:46:21Z,3a09d5e5b7b5ca75e8bd30f4b23381160709cf68c1b65f7cfb3cbe3dfda92b4c

2022-12-08T02:10:47Z,2023-03-08T02:10:46Z,ac246d1ea2f156be6b66b60c1a58a8a5bd166fa0dbceb99ec576649c43f68ad6

2022-11-11T21:13:49Z,2023-02-09T21:13:48Z,31d274e96a48e75cd8b503029b56a2241cc8e231bcf73913cffdb14469faaeab

2022-12-09T00:00:00Z,2023-06-16T23:59:59Z,8f460fed58bce87bc8cdea33a15b959fd0d02b4b51025c8c91fb9f4c33b6aa7e

2022-12-01T03:34:47Z,2023-03-01T03:34:46Z,ffd5852b18e536599b8db3cc5df02ac155e517df6b68dc9feb67f6bd076dbf1a

2022-12-14T21:51:50Z,2023-03-14T21:51:49Z,3fc829500de297d725ac115e8aadc5ac72d1d15f84131093296838ad092868ca

2022-11-11T21:13:49Z,2023-02-09T21:13:48Z,c308789f8cb255fb1cf7f8cfea3efdb7c7635926ac6bc6ec79c9bea0d7f24eb5

2022-12-09T00:00:00Z,2023-06-16T23:59:59Z,268c04a556a8fead1bb5022311ff88df4c4218d15519c7364571efafa732182f

2022-12-09T00:00:00Z,2023-06-30T23:59:59Z,b0e12581318bd0ebc525508c57ef53dee35cf0ef2df3fdb63e2dcc1c132fe1a3

2022-12-17T00:00:03Z,2023-03-17T00:00:02Z,a4a16fadc8af207b7bd1ce6a1517af73b16b5986797f10b3e38807ed0416854f

2022-12-09T00:00:00Z,2023-06-30T23:59:59Z,0efd20191052209d5aff22805c06d53ff4b802adf0d976f9f2fb1631ce1d5c63

2023-01-16T20:12:45Z,2023-04-16T20:12:44Z,76280424c26d26297dc7647e356540f12bc84293ed726b0841889364be64b852

2022-12-09T00:00:00Z,2023-06-30T23:59:59Z,f088eb7c221fb3d70a185f4beee0bcee97e9c1eee7a7de4b9636394077ca296a

2022-12-31T08:59:10Z,2023-03-31T08:59:09Z,58e35bbc0d64d0abe260a21e8744dd0af1d13081ce9d35502a4c252bef68fe3e

2022-12-09T00:00:00Z,2023-06-30T23:59:59Z,c06401cf4bf21cfd5757f930379a5846f58480169c96cb0046e4cd7d0799f8a9

2022-06-01T00:00:00Z,2023-06-30T23:59:59Z,426e04ab7ff3d94971dae70b6784bc79d1782bb8ef11c9980d84c011dbfaf220

2022-12-10T18:38:41Z,2023-03-10T18:38:40Z,9d219edcfa079457b58d3a40cb2b4013957022930abc78f7e03746931a0e8e6d

2023-01-04T12:03:27Z,2023-04-04T12:03:26Z,e047f9e837452ecdd320e8e06ce776597560fcea5007d8a902c4241eec611c16

2022-12-09T00:00:00Z,2023-06-16T23:59:59Z,4ebf8bebc595df0ceac3662f6a5bfed07fa2baef093f09521b3eadc268dc5e95

2023-01-23T18:32:29Z,2023-04-23T18:32:28Z,82cc6af87aae11bef48019adc74945237fbdef0e688a09a835f1225e314b2309

2022-11-29T18:24:03Z,2023-02-27T18:24:02Z,a2c9a0e6751643b6aac27b9c43cd2ceac28cbd55a0d84472b21bd08ca9972876

2022-11-24T06:14:51Z,2023-02-22T06:14:50Z,b2ab0ee044ee6fa131b19bc3881d711342d8221d52ba3724a88a947b2d7efd48

2023-01-22T07:35:26Z,2023-04-22T07:35:25Z,751e827664ef5a1e2f8b477e93ae07fd512dfdf0b8043724e2183cbbd4538d30

2022-12-09T00:00:00Z,2023-06-16T23:59:59Z,2e39627111febb92864fa5ae0b904f5ea633b93c6f0a67ed693ca4b9dabc63cf

2022-12-05T06:35:15Z,2023-03-05T06:35:14Z,0942948fac64ab103ed029f9527dee45450a779ee348675cfeef372d7dc986e0

2022-12-06T15:35:23Z,2023-03-06T15:35:22Z,b52e1cd4c2dc5641fe374da8d953d32fc1fea9f0d669fea13dcbca7a8eed641f

2022-11-21T12:15:08Z,2023-02-19T12:15:07Z,ff6ec9bed08e79798f1fe42c50ed7d0efcb64e74449df580b6543bc6c09a8be9

2022-12-09T00:00:00Z,2023-06-30T23:59:59Z,1678ea39270712dc4547d3c83e25bfc66f1ca20367614e0a939894bdb4ab5a57

2022-05-18T00:00:00Z,2023-06-16T23:59:59Z,fc911e1f44e3c1d8fea7e1441f243c9d84505a31b757e5d3af0d4d662bd4295d

2022-05-18T00:00:00Z,2023-06-16T23:59:59Z,148c033c945dc97f4102b066110c307e73ad4f5cdb0cd9b760015702d0867038

2022-12-09T00:00:00Z,2023-06-16T23:59:59Z,59394a7e4a4bbab43bb378057be25b5e46d67878475658eb287f775b407326c6

2022-11-18T17:54:18Z,2023-02-16T17:54:17Z,8c7371c8bb42fbeea0b0f350da123752a047cb549bcf4b728e4f5ac8f67b9262

2022-05-18T00:00:00Z,2023-06-16T23:59:59Z,9e3109b99e1912f5535036e9f580a454e5d0d00214c4e05e5a04cc62737a83a4

2023-01-19T13:57:29Z,2023-04-19T13:57:28Z,a44d06e95ee112390ee74e3894fecb5d2c5f4fe3e5c2297dd01bef704e8f784a

2023-02-05T11:49:44Z,2023-05-06T11:49:43Z,df6b9430e030bd6516f638ee53c4cd02a8fe05a23eba019d7bf9c4f5df2851d5

2022-05-18T00:00:00Z,2023-06-16T23:59:59Z,5a36419dbe242bd62838f5eaf36a1b442201c017690b8d42f5f1a4bb01bcd699

2022-11-24T06:14:51Z,2023-02-22T06:14:50Z,e19419b810fa7171c1861499d42d0ce230dda4792806f7394add1f9ebee5971a

2022-11-18T17:54:18Z,2023-02-16T17:54:17Z,7d5be0a288fb42683fc1c0bee60cf5fa6c7ca31184c8b95266a01e1fd85fb723

2023-01-29T04:25:17Z,2023-04-29T04:25:16Z,ecff37d238b1de3540e64081e2b6888b0bb0edddb73d20a943179387a7801215

2022-05-18T00:00:00Z,2023-06-16T23:59:59Z,ddffa4cd46439d4575a23034b59e3010a078147b2d6c9d20686ae22d115a3cf0

2022-11-17T10:12:54Z,2023-02-15T10:12:53Z,7a3ab262c96da8d72495e39727dfda7610043b0f59cc0e4a7468068e3e3a06fd

2022-06-01T00:00:00Z,2023-06-30T23:59:59Z,123618a7a1db60083ccd478d4dba2a4781b498c4fb34f709b98642fb0d61ad40

2022-12-09T00:00:00Z,2023-06-30T23:59:59Z,8915aab7915089cc1cfea8567d18b5b9a2ab73e54f4fda10ee8f24a27774f4c7

2023-01-11T08:44:06Z,2023-04-11T08:44:05Z,decf9b50be07ca206202322a52101b819cbacd9020d3cc11bceedcb8240e66d0

2022-11-27T00:16:02Z,2023-02-25T00:16:01Z,c1af9bce249b10881e1a86293404341cf00198fe0a7c0b1d609334f17ab33710

2023-01-26T10:38:54Z,2023-04-26T10:38:53Z,8bbb0efbe3b636763b6985109556695a3ac500650da4635d12ee98be8d188109

2022-05-18T00:00:00Z,2023-06-16T23:59:59Z,ca421b468a639731724673473ad6087a265d0ed65773e189eba461c2cccc72fe

2023-01-25T01:37:54Z,2023-04-25T01:37:53Z,6d2d5280b30fe76c1a910ecf9523f6a930ad2aba2ee5fd71bc4c44a5817d9833

2022-05-18T00:00:00Z,2023-06-16T23:59:59Z,2e637cbbaf8e7a47547291d58cfef33443399ea06744080ab4553732bee3edb9

2022-12-06T15:35:23Z,2023-03-06T15:35:22Z,188a71ce505640b863626b469bc5272f3d722ec0f9b84314342a64649d10e6cd

2023-01-22T20:26:00Z,2023-04-22T20:25:59Z,37a142ee11fdd01175a83ca904e19fd66b58f4ac81d8f4eadc20ca8c9fa2cc19

2023-01-30T13:40:12Z,2023-04-30T13:40:11Z,74ed07d601fb3c570ba165e0d8e92f881c25ad760c39a235b5812f926750802f

2022-12-16T21:31:39Z,2023-03-16T21:31:38Z,956438a78f0a015c8eb84c73e103022df4fa33a3e19236c7edae7243e6cbd21f

2022-05-18T00:00:00Z,2023-06-16T23:59:59Z,04efb00288fe4f909f8d8aae0ff5f8d02181ef67d572ea684523bcb0b55a5539

2022-11-25T15:15:51Z,2023-02-23T15:15:50Z,09917c12b1c5314d695e8c3a80452e8b0bfe01e5062410e2947167c79b40bbdc

2022-12-21T18:14:24Z,2023-03-21T18:14:23Z,c99abdff830c388185d38b374435702cfe17bf837f0468b99d07d723115f608a

2023-01-16T09:14:09Z,2023-04-16T09:14:08Z,1d00b9a91e876e051a00f5e02fe8173bb598d8408186f7d595a09fe6521bd2d7

2023-01-02T11:01:08Z,2023-04-02T11:01:07Z,d6e510c89d230366a56d093cd5e690751b8f6aaefb2a52741c9289e57995b3ac

2022-11-20T03:15:00Z,2023-02-18T03:14:59Z,721162ccb0345324b79f774b332454fa9ac4f40611b46e20e5e664eee79c468f

2023-01-18T05:17:47Z,2023-04-18T05:17:46Z,934390c0206d4aea4c4a86c12eba4a5b9d6d7ad29604e83ffd2e8c6d276faed6

2022-11-17T11:55:29Z,2023-02-15T11:55:28Z,e0bf95f68a4567680a1389ff0d38179f4c1b120f68d23ae481638e19907844a7

2022-06-01T00:00:00Z,2023-06-30T23:59:59Z,c0796e9a6fd20a4af7cc4b547297982e787d3186fbaf93137997632538f8c583

2022-11-25T15:15:51Z,2023-02-23T15:15:50Z,6b5baa2544e82e2ca3ad746f6c800bfc45f4193725342f33c90278a9bdf4267e

2022-06-01T00:00:00Z,2023-06-30T23:59:59Z,e9aa973eb4f1bd161f45e502a2c2528de2e08ae281781c34cc33f65fdfba2a3c

2022-06-01T00:00:00Z,2023-06-30T23:59:59Z,983d42d441646fde35b84a003ce66a50f9de60a9c4da51202f3422c33b120a7d

2022-12-09T00:00:00Z,2023-06-30T23:59:59Z,be89d57d38a2589177de093acfdd7ef3107e1b6c441518294b7f734ef183d75c

2022-12-09T00:00:00Z,2023-06-30T23:59:59Z,6a7e450255fa392ffc3b8c5506539ce804f395e707d933190287f73283e413f5

2022-12-09T00:00:00Z,2023-06-30T23:59:59Z,7ca7a677670072aca9b03a2418c8bb0adf8cdfd238b9e04bd4b7f4bc55c8eb23

2022-12-01T03:34:47Z,2023-03-01T03:34:46Z,9ad62628849ce9c1bb3569ec51d212d8f4945178f6a2b8eacc04484cb7fe7ec9

2022-12-02T12:35:00Z,2023-03-02T12:34:59Z,acfef8be6f22dffebde70da0b5c4134a12b4e419a0f39aeea475c4d450f10f08

2023-01-03T03:01:03Z,2023-04-03T03:01:02Z,fd7e593d9ac05204138f8c7d55eb9a575a9961afe72f3952ed421dd35d652c47

2022-06-01T00:00:00Z,2023-06-30T23:59:59Z,941f22df9ecebb25bdbd3116e1349079818d5aa507d1b5f668e976bd83b17499

2022-11-30T02:11:36Z,2023-02-28T02:11:35Z,e2b4b1b2e8daef1c6a1fdd435e7940829d197913f0470f363feb811cf006ed30

2022-12-12T03:42:09Z,2023-03-12T03:42:08Z,4995734ebd043439f88efd2a79f767354198058a546646f1933ac5ff9d09ca60

2023-01-17T03:41:19Z,2023-04-17T03:41:18Z,1eea9b87f3fa52746c2ccf1b72d505461e1f58ea2a2001399b8d04444c3c9140

2022-12-09T00:00:00Z,2023-06-30T23:59:59Z,62614c3293a0fecf7dc9c5e001e4e573c8848f2f5f8b227d89ab9baf2111f1fe

2022-11-24T18:16:59Z,2023-02-22T18:16:58Z,0a2eb5ddc9b675c8b442003491bc93330e5c54dc049170ee82088813a217419d

2022-12-09T00:00:00Z,2023-06-30T23:59:59Z,6a628f21baf708dc4e4cd06971d9132d6d6f9f07843eefdbaf0763252136552b

2022-11-22T02:11:15Z,2023-02-20T02:11:14Z,0d92b31450298e1cb5b1fa7756fe676645d74ddcf68ea85fb347db40c923e3bb

2023-01-27T19:39:43Z,2023-04-27T19:39:42Z,9dc0ce7d7fe7037d2b1d76da70865196350274600b7119427cb891315207f737

2022-12-12T03:42:09Z,2023-03-12T03:42:08Z,d4b1cf1ce5b2aa71d69db94322fd2e3c828573f666a0fbdb58994b8655658723

2022-12-18T04:46:22Z,2023-03-18T04:46:21Z,3368a501ed05273a0bea7d9fcc8b638f0e1274276145813c449be8cd7a2a4c0c

2022-12-25T20:55:47Z,2023-03-25T20:55:46Z,b6ddf9a5ee1a4fef63b8813dfca28042847ab9c9728da1f69d44efe4bdec93f2

2022-06-01T00:00:00Z,2023-06-30T23:59:59Z,7bae7a2f5a7ac1106c476ecd422000bd4caa9fba64cd0dc5ac736de86b6aa661

2022-11-16T00:14:34Z,2023-02-14T00:14:33Z,fea96d50cc8414271a390b858b6dcf60bb007948cacbc4cc492a4d0e30a1823b

2023-01-01T17:46:50Z,2023-04-01T17:46:49Z,efbba77cdd985941edf48b4f1f9f5653e5f8fdb5ee32c2e068f3f3411c94b8ca

2022-11-14T15:14:17Z,2023-02-12T15:14:16Z,603fd1d51c0609dd8fefbacb693c2c103cb834e042e03b81c7820e9861dbca9e

2022-12-05T06:35:15Z,2023-03-05T06:35:14Z,8b9e586725501c1133e064d1940379abb8b8bda7f4efcaaa611db353039a9f56

2022-11-22T02:11:15Z,2023-02-20T02:11:14Z,b6e24b9b4e829a188ab9edc52d15556117c316cb52c66257cabc94c90d1af90d

2022-04-14T00:00:00Z,2023-04-14T23:59:59Z,0fe5a6d9c72aef9629dacf25af53a1aa68417d1bfa24238561d6b71b74291d73

2022-12-09T00:00:00Z,2023-06-30T23:59:59Z,a4e22fc71a048b377c174a7dfa9a00bd9f9690bd967bb67c71bfa52f91b5475c

2022-06-01T00:00:00Z,2023-06-30T23:59:59Z,9d0193649fdaaf052287ac965c6c0e2c223cc008005e8841357b753bdf093559

2022-04-14T00:00:00Z,2023-04-14T23:59:59Z,27b6364629d80799e96cef80be0c80e59192ec3ce9e43ae9e9b72860bf0f7ad8

2022-04-14T00:00:00Z,2023-04-14T23:59:59Z,73143912fb0f0c097a7697ca845cb1fa15b30eb4868941542f2a182be878fa87

2022-12-16T11:55:08Z,2023-03-16T11:55:07Z,11d36427aeb5fe3aa9e0285678656069afea4de2859e422b15ea297ec11af5da

2023-01-15T15:24:26Z,2023-04-15T15:24:25Z,bd5e87d784d139099f32408003e87ec5f870ddb7a1f0ff6c41c7fb2b81d3ba87

2022-11-18T03:23:23Z,2023-02-16T03:23:22Z,662f546282ef6445ed3079e3cc6c94534c9d76bda7004e5dc37ae93cf7a8c33b

2023-01-23T17:19:28Z,2023-04-23T17:19:27Z,8534eba16f4244763bbcce45e847bdad33ed1b0428a22942168f02ad60e662ae

2023-02-07T19:42:18Z,2023-05-08T19:42:17Z,c3a600a057eea690424e7c54287bc5a7a315d0ab591bde33b28b31012d383d69

2023-01-10T00:07:23Z,2023-04-10T00:07:22Z,9c0803f4b8bec9550b3ce920d80981848f0cede51ad8eb29f0d1323c3ea7027b

2023-02-02T07:41:15Z,2023-05-03T07:41:14Z,8ee704833d50ba5a6718dddd07928c49084d747be930daa3c1134124c980febb

2022-11-22T12:03:23Z,2023-02-20T12:03:22Z,38fd7936812d691803a17767ea39f30fad3b261815296375859ee0c998a9dc4b

2022-06-01T00:00:00Z,2023-06-30T23:59:59Z,96268edfca4951689e49cc7f238d8946fdeb3d55c229aa7aca7594f4f6b1150d

2022-12-09T00:00:00Z,2023-06-30T23:59:59Z,c7defcf15e07987ce93994308d34353e617f5309b8d5f98630c76002a84d0ed3

2022-12-09T00:00:00Z,2023-06-16T23:59:59Z,b0190a0be1076e7e8e92164195cf2519446c26eee50ea911a8af21d7a53f1795

2022-11-16T16:22:17Z,2023-02-14T16:22:16Z,052543ee46c7a75c96e46ccdba56468c1c2e4bf92b6249dec8cbf7cff2368f91

2022-11-16T16:18:37Z,2023-02-14T16:18:36Z,862551bf98530eceb043ed3890ab0718e74a7351ec24836e4ece68a5f98f3186

2022-11-16T16:20:17Z,2023-02-14T16:20:16Z,8657b4ab34848f807d816b2b8261555e82e41d404e9ea259ada3f7d1b41dfb72

2023-01-18T15:55:55Z,2023-04-18T15:55:54Z,b1b76a60e535556ffb682ce3673bec9e66a6962b59a30539b2f6fe05324c8008

2023-01-21T11:05:32Z,2023-04-21T11:05:31Z,66afd716111b8a7b6e35e87776db99cc74937e301932cd2d6dc848c1ad98a011

2023-01-15T15:24:26Z,2023-04-15T15:24:25Z,6df7544f1e2588eb84b9d7a80e444461ba551bc68272304f5d76f63f1387df8f

2022-11-15T15:46:21Z,2023-02-13T15:46:20Z,7f87f9a94bfc10d1a09765ae8fd44781d026d30a967cd1f011d75f2b7877d11b

2023-01-21T11:05:32Z,2023-04-21T11:05:31Z,4c5921a226a4c34c66c5dc785cde78f0a0d9da7991a32351d7e4550d7e40c713

2022-12-04T00:00:00Z,2024-01-02T23:59:59Z,55da430045fb18c8eb4f08f2bd39a9868d73af63ba6108e864831892e6859864

2022-11-15T15:46:21Z,2023-02-13T15:46:20Z,784faebae0a495de76c8119d17334f7349171d0ef0fa58593d2b3307c65a6005

2023-01-15T15:22:24Z,2023-04-15T15:22:23Z,7dd6989eb875f39647bf401cf7bba936fffb47d2412b58c30b31f1d2775c05eb

2023-01-18T15:55:52Z,2023-04-18T15:55:51Z,c7ba0a940a9790a8d177c313fa9c59db0ee7937717d4cb8b107fccec3e59f8b3

2023-01-18T15:55:52Z,2023-04-18T15:55:51Z,c2d07f0a0b661e67c222aaee6bf625e035e1f1e7f17b9cc73e2f76d4045bfa36

2023-01-17T03:41:19Z,2023-04-17T03:41:18Z,3dce9b6e895fc1c009f51385495d1a20d24db2aaabcd99648bf9ce06f7fefdfb

2022-12-13T16:15:25Z,2023-03-13T16:15:24Z,d7af63d55aafa588a718c28806edbf1331813227059882fb9f58b827d7572d0a

2023-01-15T15:20:44Z,2023-04-15T15:20:43Z,d98d12c036239f58b8322b731e230d1b8c6f3cffaefc713f60cfc5a09c9e70bc

2023-01-13T13:00:18Z,2023-04-13T13:00:17Z,c8e3b3699d7ae621f17dfe482831b2ec8f7a498c3b57aa9f84ea5d057a355b75

2022-11-22T12:03:23Z,2023-02-20T12:03:22Z,6da65d12db95076fcb23a56ba9598a8f6b7459fb882fbf2b699ccbe3fa3d0fcb

2022-06-06T00:00:00Z,2023-06-05T23:59:59Z,fea01f98f2e298ed68ce81c3ea57bd82580a6bd5e333c1a8706df91105690e07

2023-01-15T15:20:44Z,2023-04-15T15:20:43Z,ade99de559c66cdb37902de26a4cae8363b06b7d41802bb01d1a3ce7fb745cda

2022-11-18T03:23:23Z,2023-02-16T03:23:22Z,3da9ac32975059c0eb83896284da075d747332a5804b3639d41dc1e7a9df32f8

2022-12-23T22:40:33Z,2023-03-23T23:29:45Z,446f36495116d54ec7f111841bcca68f6222b64863abdc0495163cbb6e546848

2022-11-17T11:55:29Z,2023-02-15T11:55:28Z,77c197d673f4939c0fe36c6cacfd26b0ba8e8f26e0955dd55bfae62f3dae0f4f

2022-11-15T15:46:17Z,2023-02-13T15:46:16Z,5f9c18bf48208aa5e4106f22380538d8810d5992ac3d4742bdf8a9de482c4c3f

2023-01-18T15:55:55Z,2023-04-18T15:55:54Z,2f3443c1bedd1b09c5f66d3a19d9acc7940053e4f845ce0465337bb1e793c72b

2023-01-18T18:36:03Z,2023-04-18T18:36:02Z,c56844ac1fd8ac7ec3618dd3de722b6fe30af1bb7548d3348ae0e3b52e5c51b3

2022-11-24T18:16:59Z,2023-02-22T18:16:58Z,167dc9349ab4e6542b8ae828dbadcd893a09868d9519a0a885364b15ca31cea4

2022-12-03T12:30:27Z,2023-03-03T12:30:26Z,c6e39534139c08d31aab153d118c503bb4f713d919827fd084c919b02822f361

2022-11-17T02:02:13Z,2023-02-15T02:02:12Z,90e6ab2da38cb3cf1341e7987677581bae446057b87c90486f3f7f9b157b7ceb

2022-12-13T16:15:25Z,2023-03-13T16:15:24Z,04cf4aa82e0c92339ccd2d18d0e77dad2bb8348fa501977d3589c10d094c9654

2023-01-13T06:26:50Z,2023-04-13T06:26:49Z,5bb097f311f3b117be57995c8fcc04edbb337181bff1055827d2ef59519eaaa3

2023-01-18T18:36:03Z,2023-04-18T18:36:02Z,5be8105cc19448961be66d3224b93f61efcbb62a5a697eca7601575608b9844a

2022-12-31T12:02:52Z,2023-03-31T12:02:51Z,2b6ca8a8e9a8ac3accb265606d27f271afd77627c74e27c157f630be72fd5af0

2022-11-14T07:22:41Z,2023-02-12T07:22:40Z,4f840f954033704124ebc918d70230b0827cde39363bfa65c3b53942e413153c

2022-11-15T15:46:17Z,2023-02-13T15:46:16Z,8709cdaeb1ccb9253c5c1cc2043cdfad07dc3678caeabb20a8ca504db5521e2c

2023-01-16T10:57:07Z,2023-04-16T10:57:06Z,df8d02984aa99efab5a25797cd93868c51903603e66f3c32098edf29d3b6c7b7

2022-12-25T12:45:04Z,2023-03-25T12:45:03Z,a1db6fe8eda8e9e9f251832aa0217249890816493caff14beec9d015c7c71c14

2022-12-30T13:03:14Z,2023-03-30T13:03:13Z,57a61b0fcb53069c17581944ed86c9609ddddd4540daa8bde96f18eebccc0c08

2023-01-13T06:25:47Z,2023-04-13T06:25:46Z,3df63f45963cfa822f0c853f3d4fb4499075d0150416dcb4d204dbd260c75d84

2023-01-16T01:03:31Z,2023-04-16T01:03:30Z,bfdab7335543dda30bb54b67ed5fa14784c76fd2579fd3e7421e7665e431fc44

2022-11-16T16:18:37Z,2023-02-14T16:18:36Z,2c5af881931f5f186925a0a26d82bfbc5c770b66141aaf332cc8728e64e4addc

2022-11-19T11:48:39Z,2023-02-17T11:48:38Z,e12266545fc96b8b9214e6930afc04f5b2fe029c8d12df3e8a09de7bcbfafb3d

2022-12-04T14:23:25Z,2023-03-04T14:23:24Z,4abfd9f26a244b992be764e34eb9a044383b363b3fb5d85b8301f2f7c43b9150

2022-11-14T07:24:44Z,2023-02-12T07:24:43Z,12270f48b63609616b0ea6e14e5a881caa54cf8708ae7dea94e073d46424de86

2023-01-24T11:07:27Z,2023-04-24T11:07:26Z,8248b46a9048780f64a15cf7d3877caf53cda10544f80923e8c711a184c7565a

2023-01-13T06:24:43Z,2023-04-13T06:24:42Z,1b85cba95dfa928276d35a4b4e61557bdcd3e777705127fb664f0db3081feb9a

2023-01-16T08:43:11Z,2023-04-16T08:43:10Z,d56ec8e9cae7174b8e1c780b782eb398d75d3d6d10eed664a130d5845496cd58

2022-11-16T16:22:17Z,2023-02-14T16:22:16Z,3636d30679cc098eb9747426a38183632c292e9dd5e7988108192cde1585be7e

2023-01-13T06:26:52Z,2023-04-13T06:26:51Z,bf7eb00d5e391437f14442c3edcb14d525f61a1e974c68250468a16ff921c318

2022-07-17T09:22:38Z,2022-10-15T09:22:37Z,886ad078e7ad5a6a87e0c91870613c1a3524f111e969824ccab866a65ef30c3b

2022-11-15T16:46:51Z,2023-02-13T16:46:50Z,04ac9359ecdd47187f636793cbdb37bc638c534d53a35bd9434f008edaab1bf5

2023-01-23T17:19:28Z,2023-04-23T17:19:27Z,bf79629a4cd789fdfbb2fb8668d936575f23c57ecfe619bb46b1202c01a714f6

2022-12-20T11:37:35Z,2023-03-20T11:37:34Z,3f226a3a081232dd7588b1d0bc7bb630476a671dfcd401e0cff0f90fd64d6cf8

2022-12-03T12:30:27Z,2023-03-03T12:30:26Z,9a2f9cb366f8c01feee452a0d19a3b0774c8e033365ee9a5ea9963efe9f6a593

2022-11-16T16:20:17Z,2023-02-14T16:20:16Z,d464265b4c650aba3a6ead6dfd339685f610091395cf05915359655c2c66873a

2022-11-14T08:15:23Z,2023-02-12T08:15:22Z,a60f0ab64e75502a3d36b98f3a7f67905acb01d0cf0777e8f2fa108869290f13

2023-01-23T18:32:29Z,2023-04-23T18:32:28Z,aa0c45bdfb0502f423764a2a52144eca1d27dd503ef49cb40bda21f847c6a4a3

2023-01-13T06:23:41Z,2023-04-13T06:23:40Z,2b49f1133248bd546b11a3da5846fec8f0d0312003df360555a2a506c34e279f

2023-01-13T06:24:41Z,2023-04-13T06:24:40Z,1452840679a4ad4c9d54d67d76b33d10101b7211940b88eb48d0c413772efbd7

2022-11-15T19:16:07Z,2023-02-13T19:16:06Z,4c0e14e9d2350a297c8d89dc47236c0bd6886e781842053133acdb04ee64a49e

2023-01-13T06:27:56Z,2023-04-13T06:27:55Z,24c09f789d62e767d4ba3164067225a2f46ea3a0333e1924310238e628d8e570

2023-01-13T06:26:42Z,2023-04-13T06:26:41Z,6ba8185eba96e9627e3834f967708c7031389b4de57eef05b28c59f6aca7eb0f

2023-01-07T17:54:04Z,2023-04-07T17:54:03Z,1fcc056d2e903c05aced9c7e26393096ff1e834f6ccd06482a8dc1aa5587d962

2022-11-27T12:10:11Z,2023-02-25T12:10:10Z,16558eb3db066d6a8daa2c59510fc32297553226392004f45bededdc0e6d6a8e

2022-11-14T07:24:42Z,2023-02-12T07:24:41Z,89157a2f02e2928ce333cfdf779ff69f5f6c6c0a12d32c258db69953be0381f8

2023-01-03T09:25:34Z,2023-04-03T09:25:33Z,456ed1223e3c19833f8bed6daac13d8af60092b424028563c162dbf148cc8890

2023-01-13T06:24:44Z,2023-04-13T06:24:43Z,3ba8d0ffc8b47fd09231e418e5042a47abefc8c730dff9c62ccf571a2284db3c

2022-11-14T07:24:42Z,2023-02-12T07:24:41Z,2be63e03eb2099205e2a1992924dcdaee0b95efd84f8469c26156147c37858f7

2022-12-30T13:03:14Z,2023-03-30T13:03:13Z,3281f5bb850841cc6be0be4dce050fc6e9ebb816c993e50cd2cbaedb2233e5ac

2023-01-08T16:50:05Z,2023-04-08T16:50:04Z,07aea0a53ee0a33fcff02ffba093a4ade2726d5627471a4344ddaf4d730a3b97

2023-01-13T06:24:43Z,2023-04-13T06:24:42Z,12ba554290e2a551f3fcd703e2c7cbec35fda8fc953a6163aef8e6ab54eff384

2022-11-14T07:26:53Z,2023-02-12T07:26:52Z,145e232ade6a78e36203b608a6a30e028e82786895274ce1c4e65b54df5d215e

2023-01-21T09:59:25Z,2023-04-21T09:59:24Z,db735a5f2eed8fc34a157b92faa2861795873cb4da4904ea5fdcd0b4efb66aed

2022-07-17T09:21:34Z,2022-10-15T09:21:33Z,007f77b8aa29715f9f8921856121412fca4517a6acbb13ae00a8aeca89413606

2022-12-07T17:39:44Z,2023-03-07T17:39:43Z,63f9ffef93be3d5d042553384c3778941d6754386653a65ffe3d38d2fdf98723

2022-11-14T07:23:40Z,2023-02-12T07:23:39Z,cb4accd341332cd5a084c5c74b169f1a2e8a9db2eaf3ca2ab4d90ce1797f9266

2022-11-30T13:52:10Z,2023-02-28T13:52:09Z,3b4790a7aa58177d464064803e97d2a9016abff80dd1961c5195f9aca318e9f1

2023-01-16T08:42:00Z,2023-04-16T08:41:59Z,acd6aaa63cc39517ee3a11b70872dc2fd3ddc17c8aa040023bc595533c2b62f6

2022-12-09T13:52:37Z,2023-03-09T13:52:36Z,15098125c7f3b73ff7a1428ef74d99df734a3a9e26cde8c61f4680055389bf49

2022-11-15T18:34:24Z,2023-02-13T18:34:23Z,bcd377f275919753d9dfb9013d9a77f45d1ed83e91f0fb51b7d6a0fc28cbec17

2023-01-06T11:26:46Z,2023-04-06T11:26:45Z,2ecae3a3524a72f61538436710173922695054c5ff5f0f085494338badf89d38

2022-11-30T13:52:10Z,2023-02-28T13:52:09Z,8c53129a7abf68ee513be6f985602289a3d10000ce690c24a424ead3594994da

2023-01-06T11:18:51Z,2023-04-06T11:18:50Z,959a23b2f67e42a6c4737b075a592e13df17551e4138d65011159e107855d1c7

2022-12-25T12:45:04Z,2023-03-25T12:45:03Z,293df7bab6ce77da514c8ed0cf9cecedc0521a89c10aabb89eb3ba8414ddfcf7

2022-11-14T13:59:13Z,2023-02-12T13:59:12Z,e16abd44ca81883bd0e58dadecf52a548478f6f166ceff16f0849b975537a000

2022-11-14T07:25:49Z,2023-02-12T07:25:48Z,e816d407d9956100125eff774ad4f4f99f4463cb5ab65c8163cf2fa1af087e5a

2023-01-13T06:22:39Z,2023-04-13T06:22:38Z,28f4046a386ccfc9e0047df99d64377966afee4baf5e486140dcb028f1a0043a

2023-01-23T18:39:39Z,2023-04-23T18:39:38Z,5b20b9da84333e4ff6629eff9923299efe7d966e23426c00fe84860cc07d51ca

2023-01-16T07:41:38Z,2023-04-16T07:41:37Z,1825501ba2aa1a47e9d20d7966ff398892c25e8912b67d22c1dead3a6507fd69

2022-11-25T22:35:17Z,2023-02-23T22:35:16Z,2365a42ca1ade463046164fae50f20469172809302788cc512b789ccc5c0e2da

2022-11-14T07:25:47Z,2023-02-12T07:25:46Z,fdc9c6623f4490db92870c75e14bf327159d5be369938386319484a8143917f3

2023-01-13T06:26:52Z,2023-04-13T06:26:51Z,c4f8d5841a48a7e2a6e1de5c33b068b6ad109079038b759f88b42f9882e6f374

2023-01-24T21:36:21Z,2023-04-24T21:36:20Z,e523f8de53d5761d01a520500002cb06bda7c7b07ec6779de0fdc33ad69bf12a

2022-11-25T12:06:22Z,2023-02-23T12:06:21Z,e08d2cccd903181ea414537bee6c9372e2f390f15ca96f4d9a32d4bec18d366c

2022-12-31T12:02:52Z,2023-03-31T12:02:51Z,1050a84201a4d478ba4e7e6d25b1a61cce54a2e74e972d94e2ecbec3ed4519db

2023-01-13T07:15:25Z,2023-04-13T07:15:24Z,e619e2cf9bdb3e908cab8b94e93778f08b60d727be552214a987452a28ee8d25

2023-01-13T07:15:25Z,2023-04-13T07:15:24Z,1cc8d9122b95ef6becad1c410b7b890e88218e8cdd445f49a72054ce3036e78b

2023-01-16T01:03:31Z,2023-04-16T01:03:30Z,464eadd40ff5e9f6e4d12c2cbbb67399ed136bf46f980ac503e7d5ab12730fb3

2023-01-18T19:17:51Z,2023-04-18T19:17:50Z,730c43daee5bcb516bc6c7731fb21bbb7558cfd5dd2a28da2e28d412b7225528

2022-12-24T13:03:20Z,2023-03-24T13:03:19Z,ecdf26ebcb8af02e98120b197bcb26acefcb7d2c536e31685d2236e0bd0fad8e

2022-12-24T13:03:20Z,2023-03-24T13:03:19Z,379d19c2979d21e20f67dedfe59c447475ba9dbfe2fa91a549a998c7fc375f8f

2023-01-13T06:26:50Z,2023-04-13T06:26:49Z,d6fcf976a6f71e82639d3e3ed0a5e71ea9fa2ea331c4fab5f99d2170cfe16d18

2022-11-14T07:22:40Z,2023-02-12T07:22:39Z,0a1f556ce855e460395b5f035f4dee3257613ed065c8a805977654092bb9ab4d

2023-01-13T06:25:44Z,2023-04-13T06:25:43Z,661aafd6d35296d6d152224916e5812d9f30bab09f08f661dec6cbb3809b00e7

2023-01-06T11:26:56Z,2023-04-06T11:26:55Z,18ac366e6b1604bc6b39d305615f80b881847aa972d72cddc139477211625628

2022-11-19T11:48:39Z,2023-02-17T11:48:38Z,9931e805fa5fef31e015b10b20fcfa31185edd48529b6496c60f545c07cfa077

2023-01-16T08:43:11Z,2023-04-16T08:43:10Z,b7c64b28249aae57f0edb7ea8390932051d905ef0a1b6a19f61af4b8d06cc0bb

2023-01-18T15:01:51Z,2023-04-18T15:01:50Z,4d13ab835c245e06b232021934efdbc0e1953701800e65aa98bde620cef28fc5

2023-01-13T06:23:42Z,2023-04-13T06:23:41Z,c37b1291f54cfd770cc3c6837113a3ec00828a2fe23fffba532865d1a5df6e8d

2022-11-15T17:34:59Z,2023-02-13T17:34:58Z,54a436ac5800c00569e27dda0282a2be98f1ad9380c7e0fafcd02a0651a47755

2022-11-15T16:46:51Z,2023-02-13T16:46:50Z,fd09c76aa46270d98c6f12b13b0d2566b710cea2cbf659c9e44b2c2bb20e3d80

2023-02-05T16:40:48Z,2023-05-06T16:40:47Z,c0362bda3cab6eef8a2822b6136d1ad15617e5fcc2e775b44df2eeb8bdeac0dd

2023-01-13T06:23:40Z,2023-04-13T06:23:39Z,7b644858739e8d95c26fca7793bac85ef09cbb7422267fd571c1262c622f1bdd

2023-01-23T18:39:39Z,2023-04-23T18:39:38Z,e83c87673e0942227056d5083f389f26d3ceaad32a0b69cf8c1e044ecb6050da

2022-06-06T00:00:00Z,2023-06-05T23:59:59Z,9b45491bd6dc0259e5ef231dcafec3e5e4fdb747d6c6d0363ee64dad2a6f2844

2022-11-12T15:50:30Z,2023-02-10T15:50:29Z,83196edadd14ab1d8580537ec70f65be4f47a3d4d7660b8cd1c739688d7ce4db

2023-01-24T11:07:27Z,2023-04-24T11:07:26Z,bcbf743a77fb977dfc3fc5e577f2d4743ee83540ebfc9c112036ef0f268d0f48

2023-01-13T06:26:42Z,2023-04-13T06:26:41Z,a5d2df9c4fe056db6b2dee6b942705efd054982a3e88741a8a2fb0b041d5168e

2023-01-06T12:19:09Z,2023-04-06T12:19:08Z,26f5022254a317fe02dc042614f4a6f51a1e1e252a8eee922cf67a985280519f

2022-12-10T15:08:13Z,2023-03-10T15:08:12Z,6db9190a935f21e8b872dd7fc403b0b009eccbebdd5ee06f84304ff758037b53

2022-12-07T17:39:44Z,2023-03-07T17:39:43Z,9102d1e7c2e7de1d0fdb703ddab30cf9a8365c041742456c72bd55418e2f6d4c

2022-11-12T15:50:30Z,2023-02-10T15:50:29Z,6baaed3e961db8532f412e909635bb2fedca27c57156c5d3fea420d6f88f440d

2023-01-13T06:23:41Z,2023-04-13T06:23:40Z,b3f74490175f20e45693b56ee195570c4c0fd4f77a53e2469a9f5ed0776ca576

2023-01-24T21:36:21Z,2023-04-24T21:36:20Z,783b769ba63ca58a06a8b7d4a5e95682886e51c9d3b2d70cac4a297832f23aaf

2022-11-14T07:23:41Z,2023-02-12T07:23:40Z,4c2bba1de3ef648edbe8d7b6ec4711b6aae193381d7ef1bb700a726ef2bbd716

2023-01-13T06:26:52Z,2023-04-13T06:26:51Z,25ed7f57ddca73fa47027f8edf2c1c0046e9516d8a11fdda0c614e1dd5be8b13

2022-11-14T07:23:41Z,2023-02-12T07:23:40Z,1be78c67d0b2ed73e1519dccba4076fb48ad36bafe7e7f75e83b198a65a7573b

2022-07-17T09:24:46Z,2022-10-15T09:24:45Z,b3eab246bed2b2a44190d5b6edf2bd413c89fd7f424788c21e2c7feb8d47139c

2023-01-06T11:18:51Z,2023-04-06T11:18:50Z,d72ca35bf50279b22676ffa3bdf23c13e5b718d2fb2b50f61e154735fc4b3013

2022-11-14T08:27:00Z,2023-02-12T08:26:59Z,7a73eb3c91a21b5df6ba88d240b0bac5b68f8dd3e486883592128da9748258c2

2023-02-01T11:31:32Z,2023-05-02T11:31:31Z,d6904cfd55d71bfc4b5ba0669742f20923421106c18a7517414b6dfc127d2401

2022-11-25T22:35:17Z,2023-02-23T22:35:16Z,f89175d56f88553581802eb94bb0ebdc031885101377811db13328fb10793e81

2022-12-03T12:34:33Z,2023-03-03T12:34:32Z,f2f419107c85b0997f6c2d64f4ac5eb8c5a6ec7185f8b23c707014bcefd98cfc

2023-01-13T06:23:44Z,2023-04-13T06:23:43Z,cbb0626f4475ccabbee39d29e232946c2c0f531ea66788e2ea38011972d5acf7

2023-01-23T12:35:24Z,2023-04-23T12:35:23Z,f3aa05b2927c983f71677ed087c0bcf824622c96cf0543bbec0ad0b35cfd1d0d

2023-01-18T19:17:51Z,2023-04-18T19:17:50Z,5a66cbf43fcb495f6bb4bc9bfc6e8f2e8886601e6bf6d719869f47a18ffe00a8

2023-01-16T08:42:00Z,2023-04-16T08:41:59Z,55b19e7a068821c8344d680b431cf6fa3684fbf2270c62b10c224d7b1005ca78

2022-12-20T11:32:54Z,2023-03-20T11:32:53Z,98ef3b879f554133ed4424f519ad1ae22bd690a4ceaf15b76fb33315e7e7aac1

2022-11-22T10:59:24Z,2023-02-20T10:59:23Z,4c7828fea85ce528bf41d3251d5d759b607676636b1d475b918933144601f9ac

2023-02-01T11:35:40Z,2023-05-02T11:35:39Z,73a925556858ea76ce647fdc96245de083d2dccc2ee02f5c4f08c733df3dab02

2023-01-20T18:58:05Z,2023-04-20T18:58:04Z,b88fc21181d8c2e28bef09d8130851ab3cd09de0a97569020900ba32acd8a481

2023-01-13T06:27:56Z,2023-04-13T06:27:55Z,ad6adb976ee56d58451bb3ca3e5e7b98c5d2aa783857f95f86d350e68539deb6

2022-11-24T13:35:22Z,2023-02-22T13:35:21Z,1d73f869e3f5a65d62e77d23735794ce5f345499e8fd7d867c9d253432f876bc

2022-11-14T08:15:23Z,2023-02-12T08:15:22Z,303faa66ccef8a3e3c57afc282755979b78f1e9f763ce581797b1b48760c1763

2022-11-14T07:25:47Z,2023-02-12T07:25:46Z,210a14bf395abe0e7493045389217f60120e94c4443024fda04e849e81cd302c

2022-12-03T12:34:33Z,2023-03-03T12:34:32Z,279e51ee451edc9a071935eeb4804d9912c3879ea5bdba390f948489139dcd6a

2023-01-13T06:23:44Z,2023-04-13T06:23:43Z,ee85453b6648a9db60c9c15164e45cb71fe3847f61dc8565c9568c0634bf696a

2022-11-14T07:22:39Z,2023-02-12T07:22:38Z,c97bd1fe8e4102bc006ae183ee777afe4394dd034b93714c9e86584b4a25761f

2023-01-01T15:50:02Z,2023-04-01T15:50:01Z,cce98aba11cddad81bee3bc54f674ba3e67bca37047771756592593f8f874f1a

2022-11-22T10:59:24Z,2023-02-20T10:59:23Z,7f5007aad9a10f769ecb6ea364a797e913eca54186c28f6a532e624b1b149b04

2023-01-13T06:23:40Z,2023-04-13T06:23:39Z,a1641060cf405ebe22f1565c7177ab303fbfcfce9ead9eccaaeb87556dddd2e9

2023-01-18T17:36:33Z,2023-04-18T17:36:32Z,b50e8f3de4047d768a1d027be44d842b2fa80ce8b695eb3e8efc3df56928f2aa

2023-01-06T11:21:43Z,2023-04-06T11:21:42Z,86d917512e5a08d1ea3c0253f383b06d05168c7f62ddb89cba1651329671fcb2

2023-01-07T17:54:04Z,2023-04-07T17:54:03Z,a398c836c26c2420097b1603e87c5341fcaee39b5ed75e5041d792ef14338f47

2022-11-17T08:40:12Z,2023-02-15T08:40:11Z,d3c04a3764d200a0ec70478e7e60301f0573d8a336afd05e9a8e998972036e14

2023-01-16T07:41:41Z,2023-04-16T07:41:40Z,9054178b75a6761a08a433ca703226214f10c62a4b4bab2bd733bd71af50012d

2023-01-11T14:51:35Z,2023-04-11T14:51:34Z,43768546c6bc415317a5b89fa63fcdac86060d3aa3a2734d549e88ad8953ab6d

2023-01-18T16:48:26Z,2023-04-18T16:48:25Z,02863ccee08d161e8216acd4e7b557a0f6113bf54344201232575c03947a9553

2022-11-21T16:43:09Z,2023-02-19T16:43:08Z,57198757324de4c91e61d66452a21f77dc169340bf341b2a7cd083fbbfaab222

2023-01-13T06:25:44Z,2023-04-13T06:25:43Z,3423842741f7d1fc076f4fc69739ca705a32f1735e9a7f2abdd514e5ae886f13

2023-01-13T07:28:05Z,2023-04-13T07:28:04Z,c54370855e776047238a22714d89c24c4b24d700b2a60066b7495c5cd59073eb

2022-11-14T07:25:49Z,2023-02-12T07:25:48Z,63fc0c7c0c6a55714e68ef66da55304f36ba028e0105d44e14fe8e29c633a2fd

2022-11-14T07:23:39Z,2023-02-12T07:23:38Z,085d02f16b23acc6c5b635a4deaacd019f2d0c2d6f13cb5c557225502d7db47c

2023-02-01T11:35:40Z,2023-05-02T11:35:39Z,5e7b24e79eab2a2c2e0167de507ce5730e1081a525324137eb83c773bc0f3915

2022-11-17T08:40:00Z,2023-02-15T08:39:59Z,090733fce0d5460689e63b43a8a339c0ae42cbb26460e3f35925dfd695c40191

2023-01-08T05:20:16Z,2023-04-08T05:20:15Z,150d9e1bf083937a62caab8f558d9d91dbdb7069662309973c0233db52d017f5

2023-01-18T10:49:43Z,2023-04-18T10:49:42Z,d0e2f2c5857f4c6e5b809eeeb86939ab75947dabc1b56281c17db9a65ea5218b

2022-11-17T02:02:13Z,2023-02-15T02:02:12Z,33dfaa804d7e357422a0a703c45f818970a9ce5dcfd02a48db5fdd8affb9bd7e

2022-11-14T07:22:38Z,2023-02-12T07:22:37Z,299125ce63e8885bce9d2d120cd8a956dfec55784ec913c44e80a2b6968efb92

2022-11-21T16:43:09Z,2023-02-19T16:43:08Z,ba0cd021a1142789b420ab471ece0050d6248980503a1dccd5b230f304d482cb

2022-11-14T07:25:40Z,2023-02-12T07:25:39Z,bb7b8a06804806d02b46a3278bdbe6ed1bb92c36cdcf26100b2f9df6392662ac

2022-12-20T11:32:54Z,2023-03-20T11:32:53Z,049c95a0a512f992210fcce9f9d7c969265b3404a034e19f1ed1994e7df6031f

2022-11-14T07:22:38Z,2023-02-12T07:22:37Z,521d3da3a6d138540b939d7b0b9c05014fa5fc68cda2aba4285eb085b1427848

2022-11-14T07:25:47Z,2023-02-12T07:25:46Z,7957e4d3a2ceacfdc646b9a30ec022fcf416137d473bd3457f4ed330984b67d2

2022-11-14T07:24:44Z,2023-02-12T07:24:43Z,5302d85b081dde7cae5fa77ba4728faee590914274f17e1f9f549bc2147f786b

2023-01-18T16:48:26Z,2023-04-18T16:48:25Z,ed4b99ff86a1939edf4b7f7876ba9489679f672c3755d9a1fe1be7a027ec050b

2023-01-13T06:25:47Z,2023-04-13T06:25:46Z,ecc19df9386f493ec62b96366081f877343bc8877de82f0edfb884c360115cc5

2023-01-18T17:36:33Z,2023-04-18T17:36:32Z,eb9be9b0f3749d2dc05e68f1e80633e57b3716551b417a8f863a77c9da4cbaea

2022-12-17T12:11:39Z,2023-03-17T12:11:38Z,c26373773c345158aa47f38e7720922bd0f2c00d535eebc6e5b51b50486d4b23

2022-11-17T08:40:00Z,2023-02-15T08:39:59Z,6dd1b9c9b968dc882c8dce0883abfcb3542c0040b72c1c8df1ef9b89c076c145

2023-01-13T06:24:41Z,2023-04-13T06:24:40Z,3f5427d70fb86dc4bccbbe5c910f160e6dd8b07b93d97857944cab3a01e7bc25

2022-11-25T12:06:22Z,2023-02-23T12:06:21Z,3646ca60479ba1adb43266386bf4ca079bc0491d19d7238c1291a1c5def6849b

2022-11-14T07:22:37Z,2023-02-12T07:22:36Z,31977c19d130b2d6e56764d353bf7b537c19e5b4651afc9a76ac27b5f893ca08

2022-11-14T07:22:39Z,2023-02-12T07:22:38Z,4c0a1cd6e40409b0d4b3066dcbce82a3b3704737de385d79327b540e7430c253

2022-11-14T08:15:24Z,2023-02-12T08:15:23Z,45204c37d2b72d522271f1ff66e0f998e50f3e609202fc48e36680ebb114cc1b

2022-11-15T18:34:24Z,2023-02-13T18:34:23Z,8b41baf1ff800ece046d3289aeed26f63b611709e17f19ecdc744f40922c035e

2023-01-06T12:19:09Z,2023-04-06T12:19:08Z,a0eb0fc064c9401f7b7fe9c3742366d05a6b78b846c7fc31a243ed0f6d5a5ab9

2022-11-15T12:42:21Z,2023-02-13T12:42:20Z,eb9ff56660f964fe15e9c394ea15f13cd3168d32f5c242c61a4953b46a0035b5

2022-11-14T07:23:39Z,2023-02-12T07:23:38Z,4af6a721c5d78710ff752ab31c8b69f9e67f1a52f5e524ccc985acf4e1451eef

2022-11-17T08:40:12Z,2023-02-15T08:40:11Z,1a991ef66188fa77b00afa27282b35b960718f4e3329bbf0ade5f17465c6b7bd

2023-01-04T13:15:19Z,2023-04-04T13:15:18Z,a1db98dcda45375070ec4c24e1cd688f9fee18a4eef77bac34eff95829acaff8

2022-11-14T07:26:53Z,2023-02-12T07:26:52Z,7a21223e158df7c3d17b8d1fda71ea2987e54639db39a4aa01a48a46a1807285

2023-02-08T14:09:16Z,2023-05-09T14:09:15Z,442a0816462ead42acd5ce25df167bd730e2fab33fd77d4501d822e61232b994

2023-01-13T06:24:44Z,2023-04-13T06:24:43Z,d2b85201d0054a4da9e218d5133ebf2fe6ee04707dfbce655572da591b2387af

2023-01-13T06:26:52Z,2023-04-13T06:26:51Z,f0bd52d747c8667d7b566504787d517fac8d543d3b20e52b805afe3b7fa1edcb

2023-01-13T13:00:18Z,2023-04-13T13:00:17Z,20505ca72b38334d2de1ffb51d365a48e708e2b08cf5c440c4e18f92978ea20c

2023-01-29T12:53:14Z,2023-04-29T12:53:13Z,4cc48e3cf0e00c2792666df51bea843b12b33e69ca3487c5d9c2dba84b9a1bea

2022-11-15T19:16:07Z,2023-02-13T19:16:06Z,bfdf733be23a5d03a49acea601e4bef9320c307a14e07b9b70696001a859f794

2023-01-26T11:11:14Z,2023-04-26T11:11:13Z,65597a912099c8996ae7861b58407fae558297c1a4665a52bbaad35c753b6a45

2022-11-14T07:25:47Z,2023-02-12T07:25:46Z,0ad22eca3e542a6e784ea315743c5b72e44b71b1253cd0456853788c2153bb5e

2023-02-02T13:23:27Z,2023-05-03T13:23:26Z,fa8b582fd1e55fbd55f11017a7d639a1a9cb7257828631277e044e80cbc39549

2022-11-15T17:34:59Z,2023-02-13T17:34:58Z,346cc3c11eb19ccf2d5745b2559ccd7b5560bae9c095d324b83661f35e956bc8

2022-11-14T07:22:40Z,2023-02-12T07:22:39Z,79da209ca666ceb1f038437cc31c53bd4f91e8a99ab05d70ca3bce00534f5b16

2023-01-13T06:25:47Z,2023-04-13T06:25:46Z,efc42e766a306789236b032773cc027172d5a6c7e999ba83d941aa055d0bd221

2022-12-09T13:52:37Z,2023-03-09T13:52:36Z,a310a874beef7d87283b918a8d669c672cdc494aa48a8e382352b8214bd5747d

2023-01-23T15:43:01Z,2023-04-23T15:43:00Z,453bd033e6279729b7027d2fc887de69b9f4fcf0746e16c6779c0c0965d33b59

2023-01-03T09:25:34Z,2023-04-03T09:25:33Z,9de8286aad490b51609b93d908db20a004423af8bad59764bc628c7c4764d3c5

2023-01-13T06:26:50Z,2023-04-13T06:26:49Z,5244209047079a9d056335e47873e186e3d6df2e332a7e6ac897e9d0bd70a784

2022-11-14T07:23:40Z,2023-02-12T07:23:39Z,7a241a32f0cfde168b7f27f9c003e7a71dce632ce98bf728ec9d6d3f88de8690

2022-06-06T00:00:00Z,2023-06-05T23:59:59Z,d9c54580c54361ba97abd230d70e67fd56e50929725f0507cce3b0078d2fa87d

2022-12-20T11:37:35Z,2023-03-20T11:37:34Z,327086f59cd573ef41ca740a9b8f588b32c02dd62f7d609130f954b78d990567

2022-11-14T08:27:00Z,2023-02-12T08:26:59Z,c15b2e6848b5243724d917a97b237f4b6bb59655f2b6bea10516528699e166fd

2023-01-18T15:01:51Z,2023-04-18T15:01:50Z,4d0644ac91bd623221f3fe2816a89a7ecb4a70507e60c7783f488aa14588ac43

2022-11-14T07:21:35Z,2023-02-12T07:21:34Z,199aecff5d4c349a486d8311f3f49035abb16bf625fa1a17f2dae3b7f813cd2b

2022-11-14T07:22:41Z,2023-02-12T07:22:40Z,0cf7832dda2526b67f412ae42d458a74d740c70c20c521f0ea7dea0d36bbf318

2023-01-11T14:51:35Z,2023-04-11T14:51:34Z,695f3efc94b962a3934179012947f15d08811c82dff29d1f1b627884eb74aa71

2022-12-10T15:08:13Z,2023-03-10T15:08:12Z,c766c87f6a8d2c650d1ed79db325d6a527243a776a84eb759936d16e8dc5e4d4

2023-01-13T06:25:47Z,2023-04-13T06:25:46Z,b774f1a77ab16f9bacd20b24c772599b14b0f3042c838ddde136594a655f394e

2023-01-01T15:50:01Z,2023-04-01T15:50:00Z,3f661426ed4502e339b0bd83f595b1fba6c299f651705ce3c327389042e9d832

2023-01-20T15:44:13Z,2023-04-20T15:44:12Z,94d9af80a9d471240057d31e07855cbf59fe96288f7326b3e82a3516bb7b4d25

2022-11-14T13:59:13Z,2023-02-12T13:59:12Z,2a4c0e837327d13a06d0d25dfe8a485f9d4e3cbfb2360ddfc8891249ede1fb18

2023-01-13T07:28:05Z,2023-04-13T07:28:04Z,c6812a2e8e3d3db7ee676ad2ba067474e5cebf8314664cc88c394deac79d4e06

2022-11-14T07:25:40Z,2023-02-12T07:25:39Z,cf6c7df326f99cde00f01ed6a83706d4ab141db118124e358e49af8b6e7f565b

2023-01-13T06:23:42Z,2023-04-13T06:23:41Z,f9e788d0526dc27d6ddc2e2ae319e5a06f7c653199ff6aba2f410e82989ff54c

2022-11-24T13:35:22Z,2023-02-22T13:35:21Z,6c35abbb8bb266bcd05c18e15c6ba2a7453b6e3a9770bed40f7389d91f004d40

2022-11-24T16:40:08Z,2023-02-22T16:40:07Z,8e1b13b1fe632c0d050edd8b9c49a126ca29e1661b2c8579c6e71fa76324fb83

2022-11-14T07:21:35Z,2023-02-12T07:21:34Z,e184b8eacc952afec578133d48c0c96e9131b130acfc60a261e096139fd7ecb2

2022-11-15T12:42:21Z,2023-02-13T12:42:20Z,5d7cb1b5d6f1e5037752efc92aa93adc3dabd1dc5eb1a9ecbb9bc095462490dd

2023-01-26T11:11:14Z,2023-04-26T11:11:13Z,5a1becf5c3b6f35a3702ee1a7c4aba93ac14cb159f2572ca0f9b883b166adc55

2022-11-14T07:24:44Z,2023-02-12T07:24:43Z,a78c7503f96b33093af9372341153e2871bbe84cfae654b69c3ed11b7605644b

2022-11-14T08:15:24Z,2023-02-12T08:15:23Z,fdd783aa1da42b5c0e1685e401ff32064b93953537cd3bfe3a6760ec141624da

2022-11-14T07:24:44Z,2023-02-12T07:24:43Z,9fb1dea64420302952fcc921c3b6afe4c48f220041dad9f2db38ea9a51e0664a

2022-11-14T07:22:37Z,2023-02-12T07:22:36Z,6703150608e2a631af00ec6144979f73c59d2853c3872d00d85544ce565a82d9

2022-12-04T14:23:25Z,2023-03-04T14:23:24Z,82dfa424d14ccf9378175498d0d6a44357256a4adcbe6576ba4d5b4452b3fbb1

2023-01-13T06:25:47Z,2023-04-13T06:25:46Z,ae0ea2f1cc607ba54414ea96011540f15819680a1df2037bd80ca406a723cd07

2022-11-27T12:10:11Z,2023-02-25T12:10:10Z,41db9bc1c87a4550b12557571b4f2d0f5c253129f16a9b9e094664f92ad88028

2022-11-24T16:40:08Z,2023-02-22T16:40:07Z,8d6af53b4a628c7261f028c312c2dd8299714ef15f30a3972bad1c6d576c64cc

2022-11-15T10:00:27Z,2023-02-13T10:00:26Z,a9339024b23bf7e7e0ea50603faa29faffb09ac91fdafa14a42652cc488c0d72

2022-12-22T19:26:52Z,2023-03-22T19:26:51Z,79567b9eb5a8f67e8c0619dc1da7c042ba6ce0661c80b236e8411d4cdc5394c4

2023-01-24T09:01:34Z,2023-04-24T09:01:33Z,c5fd981e7288cd601e222b71c0e4d2c65f16adc7b04453cdfe6f5c24224ee359

2023-01-13T06:25:47Z,2023-04-13T06:25:46Z,c51dceedf1df8f021776cf67643c3a405e47618db872c17cb9741d786ba304b9

2022-11-15T10:00:27Z,2023-02-13T10:00:26Z,69c2c9f1425d1751b773013c1662d1e626c90c1b03e6f45b7315751ebf06660d

2022-11-14T07:24:45Z,2023-02-12T07:24:44Z,76a69ca71b2bc161d9c77a6e2a991df04b3be394f4f2836b7b23502ea6eef4a3

2022-12-27T01:08:26Z,2023-03-27T01:08:25Z,87fce6f3e9a8434f524b25e3fbe663f6799a88a4391292bf6123e53b30eccb48

2022-11-14T07:24:45Z,2023-02-12T07:24:44Z,f583f242134b301cc7cabfa7bd669b8bba41ccc61c5fe6d20d608de0d1c982f0

2023-01-31T03:36:03Z,2023-05-01T03:36:02Z,c1f83f7be41db7548d2205d453e112f50fadcd0299f423f108e66eaeb06b27d9

2022-12-31T08:32:52Z,2023-03-31T08:32:51Z,fe1e9bebfe38b7fd32867f093f75bd30c4f0e04c52ffdcbcc4ee6a2dc763ad0d

2022-12-31T08:32:52Z,2023-03-31T08:32:51Z,9629e78ffb0253df4659dbcf1fc2e7765ff581e558614ef0999d8655a1a41a44

2023-01-31T03:36:03Z,2023-05-01T03:36:02Z,a69e7e84e2ba6e6cd0f2c5b2edc60772ef7bfacfd1e05b96d92e463ce851c1ea

